summary,actions,datatypes
"The mobile app allows you to easily cast your phone to various smart TVs like Chromecast, Roku, Fire TV, Xbox, Samsung, and LG TV, enabling you to enjoy your content on a bigger screen with high quality and real-time speed, as well as control smart TV functions and stream music and games.",The user casts their phone screen to TV using the app.,"['phone screen content', 'TV connection']"
"The mobile app offers a convenient shopping experience for a wide range of fashion items, including clothing, shoes, accessories, and sportswear, with a focus on sustainability, personal style inspiration, and up-to-date trends from fashion experts and brands in Europe.",The user follows fashion experts to see how they style their outfits.,"['fashion experts', 'outfit styles', 'fashion preferences']"
"The mobile app is a watch face for Wear OS devices with customizable colors, animations, multilanguage date, and always on display mode.",The user enables the always-on display mode.,['display settings']
"The mobile app is a comprehensive office suite that includes word processing, PDF viewing and editing, spreadsheet capabilities, AI features like content generation and rewriting, as well as cloud storage options and collaborative tools for seamless document management on Android devices.",WPS AI provides AI-generated content like meeting summaries and event planning.,"['meeting summaries', 'event planning', 'work-related data']"
"The mobile app is a powerful offline music player for Android with a built-in equalizer, support for various audio formats, personalized music library features, and a stylish user interface for a premium audio-visual experience.",The user can control music playback using Bluetooth or wired headphones.,"['music preferences', 'listening habits', 'device usage']"
"The mobile app allows users to explore billions of Pins from around the world, save, organize, and share ideas, shop for products, access daily DIY tutorials, find home decor inspiration, discover tattoo ideas, connect with a worldwide creative community, and offers business features for brands to engage with customers.",The user explores billions of Pins from around the world to discover new ideas every day.,"['interests', 'location data', 'search history', 'device information']"
"The mobile app serves as a comprehensive travel companion for booking and managing regional and long-distance transportation, offering digital tickets, real-time information, best price search, and a user-friendly interface.",The user views their favorite connection at a glance with the commuter widget.,"['connection information', 'location data', 'relationship status']"
"The mobile app helps Intratuin Extra members receive special benefits and offers assistance in caring for their indoor and outdoor plants, providing plant care tips, reminders, and access to exclusive discounts and inspiration content.",The user seeks guidance on plant care through the app to ensure plants receive necessary attention.,"['plant types', 'care instructions', 'location of plants', 'frequency of care']"
"The mobile app allows users to connect with communities, teammates, family, and friends through features like communities, events, chats, channels, meetings, storage, tasks, and calendars all in one place, enabling collaboration, sharing of ideas, making plans, and managing access to information securely.","The user meets securely with communities, teammates, family, or friends, and sets up meetings within seconds to collaborate.","['meeting schedules', 'participants', 'collaboration topics', 'locations']"
"The mobile app transforms your smartwatch into a festive winter wonderland with a customizable snow globe, offering 20 color themes, essential timekeeping features, health monitoring tools, and battery level display for a cheerful and functional holiday experience.",The user selects one of the 10 different festive backgrounds.,['festive backgrounds']
"The mobile app allows you to discover ideas, connect with people and communities, shop on Marketplace, watch reels for inspiration, personalize your feed, and share your world creatively.",The user explores and expands their interests by shopping on Marketplace and taking hobbies to the next level.,"['shopping history', 'hobbies', 'interests', 'preferred activities']"
"The mobile app enables easy and secure sign-ins for all online accounts using multi-factor authentication, passwordless login, and password autofill, supporting Microsoft as well as non-Microsoft accounts, and offering additional account management options for personal, work, or school accounts.","The user uses their fingerprint, face ID, or PIN for two-step verification in the authentication process.","['biometric data', 'PIN']"
"The mobile app is a multifunctional security and account management application with features such as Scan QR 2FA, Backup & Sync, Password Manager, Autofill, Unlock with Master Password and Touch ID, Dark Mode, Credit Card Note, Vital Identification, Import and Export Data, and Data Storage on Cloud, ensuring safe protection and efficient management of accounts.",The user unlocks the app using a Master Password or Touch ID to prevent unauthorized access.,"['Master Password', 'Touch ID']"
"The mobile app is a modern watch face with high resolution, optimization, low battery consumption, multilingual support, weather display, changeable colors, and AOD mode, available for Wear OS devices with API Level 30+ and offering promotions and news updates on various platforms.",The app provides a second version of the modern watch face.,['watch face preferences']
"The mobile app Smart Switch allows users to transfer contacts, music, photos, messages, and more from various devices to new Galaxy devices, supporting Android, iOS, and Windows systems with specific requirements outlined for each.","Data that can be transferred includes contacts, calendar, messages, photos, music, videos, call logs, memos, alarms, Wi-Fi, wallpapers, documents, app data, and home layouts.","['contacts', 'calendar', 'messages', 'photos', 'music', 'videos', 'call logs', 'memos', 'alarms', 'Wi-Fi', 'wallpapers', 'documents', 'app data', 'home layouts']"
"The mobile app is a feature-rich GPX viewer and offline maps tool that also serves as a GPS locator, tracks viewer, trip stats analyzer, and navigation tool with customizable options and additional features such as track recording and weather forecast.","The user views online maps such as Google Maps, Mapbox, HERE, Thunderforest, and others.","{'Personal data': ['location', 'search history', 'IP address']}"
"The mobile app offers hundreds of top films and series without ads, the best Slovak programs before TV, attractive live and recorded sports, and exclusive VOYO Originals.",The user experiences live and recorded attractive sports content.,"['sports preferences', 'viewing history', 'device information']"
"The mobile app is a watch face supporting Wear OS devices with API Level 28+, featuring various customizable options and features such as color change, animation, custom widgets, and more, with additional news and promotions available on multiple platforms.",The user customizes the watch face settings and recommendations.,"['watch face settings', 'recommendations']"
"The mobile app offers Sports Betting, Slots, Bonuses, Live Tables, Virtuals, and more, with features like Cash Out, Bet Mentor, and Smart Notifications, while promoting Responsible Gaming practices.",The user shares their bets with friends using the 'Share Your Bet' feature.,"['bet selections', 'bet amounts', 'bet outcomes', 'friend list']"
The mobile app allows fans with tickets to securely manage and transfer them on their mobile devices.,Fans keep their tickets on their mobile device with the app.,"['tickets', 'mobile device']"
"The mobile app offers a digital and modern snowflake watch face with a GYRO effect, customizable colors, app shortcuts, complications, and compatibility with all Wear OS devices API 30+, allowing users to personalize their watch face and stay updated with the latest releases through their social media channels.",The user selects apps to add to the custom app shortcuts on the watch face.,"{'Personal data': ['app preferences', 'watch face settings']}"
"The mobile app allows users to easily find and manage charging points within the InCharge network, providing access to over 85,000 charging points in Europe, information on availability and rates, tracking of charging sessions, and notifications for available charging points.",The user enters their home address and work address to receive notifications about new charging points nearby.,"['home address', 'work address', 'location data']"
"The mobile app allows users to easily create photo books, wall art, prints, photo cards, calendars, and various personalized photo gifts with automatic grouping, smart design assistance, and eco-friendly production.",The user designs and orders phone cases for various smartphone models.,"['phone case designs', 'smartphone models', 'shipping address']"
"The mobile app is a powerful sheet music viewer for Android tablets that allows musicians to access, organize, and annotate their sheet music files with features such as multiple viewing modes, hands-free page turns, audio player integration, metronome, annotations, and more.",The user can play audio tracks along with their sheet music.,"['audio tracks', 'sheet music']"
"The mobile app offers digital planning, note-taking, and PDF editing capabilities with features such as smooth handwriting, customizable pens, digital planners, PDF import, hyperlink creation, stickers functionality, document organization, and Google Drive syncing.",The user uses the handwriting to text feature for automatic conversion.,"['handwriting samples', 'text conversions']"
"The mobile app offers a personalized feed of short-form videos across various categories, provides tools for creating original videos with special effects and music, and allows users to engage with a global community of creators.",The user is entertained and inspired by a global community of creators on TikTok.,"['user preferences', 'liked videos', 'following list', 'engagement data']"
"The mobile app is a customizable watch face for Wear OS devices with API Level 28+ that features 3 preset app shortcuts, 1 customizable shortcut, and 4 customizable complications for displaying various data like weather, steps, barometer, and UV index.",The user explores the customizable complications feature for adding desired data to the watch face.,"['watch face complications', 'desired data']"
"The mobile app offers a BOGO promotion for purchasing watch faces, where users can buy one watch face and email the receipt to receive a coupon for a Snowman-themed watch face with various features for Wear OS.",The user buys a watch face.,"['purchase history', 'payment information', 'shipping address']"
"The mobile app allows users to quickly create beats and tracks by recording samples with their phone's mic, adding effects, and utilizing a high-resolution sequencer, with features such as resampling, importing own samples, and MIDI control available.","The user purchases SAMURAI In-App features for pro-quality Timestretch, Piano roll editor, and Auto-chop functionality.","{'Personal data': ['purchase history', 'app usage data', 'payment information']}"
"The mobile app helps users find and navigate to parking lots in various cities, providing information on occupancy, amenities, pricing, and payment options, allowing for convenient payment and remote session extension, with plans to expand to more cities and add new features over time.",The user scans their paper parking ticket at selected off-street parking lots and pays the parking fee using the app.,"['parking ticket information', 'location data', 'payment information']"
"The mobile app allows you to conveniently access various functionalities such as mobile payment for fuel and products/services, using VITAY points for discounts, navigation to the nearest station, browsing transaction history, and staying updated on ORLEN events and promotions.",The user can collect points faster for desired products with attractive coupons.,"['shopping preferences', 'desired products', 'collected points', 'coupon usage']"
"The mobile app offers smart banking features such as online account opening, intuitive interface, secure authentication options, instant payments, saving box, smart search, card management, loyalty rewards, future payments scheduling, access to various banking products, push notifications, utility bill payments, personal data updates, and more.","The user opens current accounts, savings accounts, and term deposits with ease, and gets a personal loan, Flexicredit, 100% online in about 10 minutes for their daily needs.","['financial information', 'personal details', 'identity verification data']"
"The mobile app helps parents track and understand their baby's mental development through 10 leaps, offering personalized schedules, insights, milestones, and optional extras like a baby monitor and e-books.",The user keeps a diary to monitor their baby's development and milestones.,"{'personal_data': [""baby's development"", 'milestones']}"
"The mobile app is a painting simulator for gaming and tabletop miniatures, offering photorealistic results with a four-step painting process, built-in miniatures and colour palettes, complement recommendation mode, shopping list generator, colour mixer and creator tools, and a randomiser feature.",The app provides access to built-in miniatures from Artel 'W'.,"['art preferences', 'miniature preferences']"
"The mobile app is a watch face for Wear OS devices with customizable colors, animations, multilanguage date, and always on display mode.",The user sets the date to display in multiple languages.,"['preferred languages', 'timezone', 'cultural preferences']"
"The mobile app offers a personalized fashion experience with a wide range of brands and exclusive collections, allowing users to shop anytime, anywhere, receive vouchers and offers, and keep track of their wishlist across all devices.",The user finds styles that suit them with just one click.,"['preferred styles', 'body measurements', 'shopping preferences']"
"The mobile app offers a wide range of high-quality car parts and tires from trusted brands, with detailed product descriptions, compatibility checks, customer reviews, professional customer service, promotions, and discounts, as well as video tutorials for car repairs, available 24/7 for various makes and models of cars.",The user looks for the parts their car needs using filters for better search results.,"['car make', 'car model', 'car year', 'car parts needed', 'search filters']"
"The mobile app offers a comprehensive 4 in 1 solution for UK learners preparing for their Driving Theory Test, with a pass guarantee, lifetime access for £4.99, and exclusive content including DVSA revision questions, mock tests, video clips, personalized learner plans, hazard perception clips, Highway Code revision, road signs practice, practical driving lessons, and a range of awards and accolades.",The user gets exclusive offers and rewards through the app.,"['email address', 'name', 'purchase history', 'location']"
"The mobile app facilitates the installation and customization of a festive Wear OS watch face featuring an animated Christmas tree, snow, and magic sparkle, with compatibility for various Wear OS devices and customization options available.",The user can follow the official installation tutorials provided by Samsung on YouTube.,"['device brand preference', 'learning preferences', 'YouTube activity']"
"The mobile app allows users to automate various tasks on their Android devices, such as changing settings, sending SMS, creating notifications, and more, without requiring root access for most functions.",The user creates standalone apps using the Tasker App Factory.,"['app projects', 'preferences', 'device information']"
"The mobile app makes it easy to switch from an Android device to an iPhone or iPad by securely transferring various types of content data such as contacts, messages, photos, and more.","The app securely transfers Contacts, Message history, Camera photos and videos, Mail accounts, Calendars, and WhatsApp content from the Android device to the new iPhone or iPad.","['Contacts', 'Message history', 'Camera photos and videos', 'Mail accounts', 'Calendars', 'WhatsApp content']"
"The mobile app is a pocket-sized sampler that allows users to record sounds, create beats, add effects, and easily generate tracks with intuitive interface and a variety of features, including resampling, exporting tracks as WAV files, AI sample separation, MIDI control, built-in microphone and DJ effects, and additional features available through in-app purchase.",The user exports loops or entire tracks as professional quality WAV files.,"['music loops', 'tracks', 'export preferences']"
"The mobile app offers a wide range of lifelike sound effects and features like fake call chat messenger, voice changer, and soothing sleep sounds to enhance your prank game and create hilarious moments with friends.","The user engages in conversations with different voices, such as favorite celebrities or cartoon characters.","['conversations', 'favorite celebrities', 'cartoon characters']"
"The mobile app is the ultimate tool for seeing the Northern Lights, providing real-time information on aurora visibility, solar winds, best viewing locations, and tour recommendations, all with a sleek design and push notifications for high auroral activity.",The user purchases the Pro version to enjoy the app without advertisements.,"['payment information', 'email address']"
"The mobile app offers exclusive daily deals on top fashion brands with discounts up to -75%, providing registered members with limited offers and benefits such as fast delivery, buy now pay later option, and a 31-day free return policy in select European countries.","The user shops the best deals available in Germany, Austria, Czech Republic, Slovenia, Slovakia, Romania, Hungary, and Croatia.","['shopping preferences', 'location data']"
"The mobile app provides a platform for creating invite-only spaces with topic-based channels for text, voice, and video chat, allowing users to stay connected with friends and communities through various interactive features like screen sharing, custom emojis, and low-latency chat capabilities.",The user snaps a photo and creates custom emojis to share with friends.,"['photos', 'custom emojis', 'friends list']"
"The mobile app offers app-only benefits to enhance the shopping experience on Amazon, providing features such as real-time tracking, 360° product views, price drop alerts, live chat support, and convenient search options like scanning items or barcodes.","The user browses, searches, and views product details on the app.","['search history', 'viewed products', 'purchase history']"
"The mobile app provides fast and secure access to essential items, such as payment options, tickets, and passes, with convenient features like quick access methods, smart suggestions, and seamless integration across Google services, all while prioritizing safety and privacy with advanced security measures in place.",The user accesses Google Wallet using Google Assistant.,"['financial information', 'Google account information', 'transaction history']"
"The mobile app offers endless inspiration with billions of Pins to explore, allowing users to save, organize, and share ideas, shop for products, watch DIY tutorials, find home decor inspiration, discover tattoo ideas, connect with a worldwide creative community, and use Pinterest for business purposes.",The user browses through a daily discovery feed filled with their favorite things.,"['interests', 'preferences', 'search history']"
"The mobile app is a powerful sheet music viewer for Android tablets that allows musicians to access, organize, and annotate their sheet music files with features such as multiple viewing modes, hands-free page turns, audio player integration, metronome, annotations, and more.",The user can transpose chords in text and chord pro files.,"['chords', 'music preferences']"
"The mobile app is a convenient tool for individuals with shift work, offering a simple and intuitive way to manage and organize their work schedule on their Android device.",The user accesses their work schedule on their Android mobile phone or tablet.,"['work schedule', 'device type']"
"The mobile app AZ Recovery is a free, user-friendly tool that helps you quickly recover deleted photos, videos, and various file types, with features like fast and deep scanning, memory card support, file previews, and secure file deletion.",The user opens the AZ Recovery app to start the data recovery process.,"['data recovery process', 'device information', 'type of data lost', 'time of data loss']"
"The mobile app allows users to buy and sell pre-loved items, including clothing, homeware, accessories, toys, and books, with 0% selling fees, easy shipping, secure payment, and buyer protection, while also offering a platform for discovering unique finds and connecting with a global community of over 75 million members who share a passion for second-hand fashion.",The user chats with buyers or sellers directly and explores closets on Vinted.,"['messages', 'closet items', 'purchase history', 'selling history', 'location']"
"The mobile app allows users with BALTA health insurance to access a contactless e-card, make and track claims, receive notifications, purchase insurance services, claim indemnity in other insurance types, and view relevant information by logging in through their internet bank and creating a PIN code for authentication.",The user logs in through their internet bank.,"{'Personal data': ['bank account information', 'login credentials', 'transaction history', 'personal details']}"
"The mobile app offers brokerage services and day trading options for investing in stocks, shares, Forex, and other trading options with a variety of features and educational resources available in multiple languages, but involves high risks as stated in the risk disclosure.",The user trades and invests in all stock market conditions by going long or short.,"['market data', 'investment history', 'trading strategy', 'financial goals']"
"The mobile app offers endless inspiration with billions of Pins to explore, allowing users to save, organize, and share ideas, shop for products, watch DIY tutorials, find home decor inspiration, discover tattoo ideas, connect with a worldwide creative community, and use Pinterest for business purposes.",The user connects with stores and innovators that match their aesthetic preferences.,"['aesthetic preferences', 'shopping history', 'preferred stores', 'innovator interests']"
"The mobile app allows users to explore billions of Pins from around the world, save, organize, and share ideas, shop for products, access daily DIY tutorials, find home decor inspiration, discover tattoo ideas, connect with a worldwide creative community, and offers business features for brands to engage with customers.",The user sends Pins to friends or shares them in messages to spread inspiration.,"['Pins', 'shared inspiration', 'friend connections']"
"The mobile app provides real-time P2000 notifications for emergency services such as police, fire, and ambulance, allowing users to stay informed about incidents in their area, with additional features in the Pro version including ad-free experience and capcode support.",The user customizes settings to receive notifications based on specific cap-codes.,"['notification settings', 'cap-codes preferences']"
"The mobile app provides core anatomy reference content, including 3D interactive visual models of the human body, key organs, muscles, bones, and additional physiology and pathology education animations, with tools for study, presentations, and sharing.",The user explores and educates with more than 100 patient education animations covering key physiology and common pathologies.,"['health information', 'medical conditions', 'learning preferences']"
"The mobile app allows users to collect points for purchases, move through different tiers for benefits, access discounts and coupons, participate in games, and locate service stations for Fresh Corner items.",The user recommends the Slovnaft Move app to friends to earn extra points.,"['app recommendation', 'friend list', 'points system']"
"The mobile app offers smart shopping features such as voice search, product scanning, sharing product links, and saving shopping ideas, with access to over 60,000 products, secure payment options, and the ability to find nearby shopping centers with their contact information and opening hours.",The user searches for the nearest shopping centers.,"['location data', 'search query', 'shopping preferences']"
"The mobile app offers a variety of ride options including eco-friendly choices, upfront pricing, safety features, affordable pricing options, exclusive perks with Uber One membership, advance ride reservations, and additional features like food delivery, car rentals, and package delivery.",The user experiences safety as a top priority with comprehensive safety features established by Uber.,"{'Personal data': ['location', 'payment information', 'contact information', 'ride history']}"
"The mobile app allows users to track deliveries, process returns, contact customer service, and browse various webshops and products to find deals from favorite brands.",The user finds great deals from their favorite brands.,"['favorite brands', 'purchase history', 'shopping preferences']"
"The mobile app helps parents track and understand their baby's mental development through 10 leaps, offering personalized schedules, insights, milestones, and optional extras like a baby monitor and e-books.",The user gains insight into their baby's perception of the world.,"[""baby's behaviors"", ""baby's reactions"", ""baby's environment""]"
"The mobile app PeakFinder allows users to explore mountains worldwide with a 360° panorama display, offline functionality, and over 1 million peak names, recommended by various sources and offering features like real-time rendering, digital telescope, and solar/lunar orbit information.",PeakFinder functions offline and worldwide.,{'Personal data': []}
"The mobile app offers digital planning, note-taking, and PDF editing capabilities with features such as smooth handwriting, customizable pens, digital planners, PDF import, hyperlink creation, stickers functionality, document organization, and Google Drive syncing.","The user duplicates, moves, renames, or deletes files.","['file names', 'file locations', 'file content']"
"The mobile app allows users to plan and book tickets for buses, trains, flights, and ferries across Europe, the United States, and Canada, offering a convenient travel booking platform with a trip planner feature and support for various transportation companies.","The user books train tickets with various train companies such as National Rail, Eurostar, and Deutsche Bahn using Omio.","['travel plans', 'payment information', 'email address', 'location data']"
"The mobile app allows users to chat with ChatGPT technology securely and conveniently without the need for an account or password, providing comprehensive answers and suggestions on various topics for knowledge and leisure.",The user enjoys chatting easily with ChatBot and experiencing the app.,"['chat logs', 'user interactions', 'app usage data']"
"The mobile app offers a convenient shopping experience with a wide selection of fashion items, including clothing, shoes, accessories, and sportswear, along with features for staying up-to-date on trends and sales, and the option for free returns.","The user connects with Zalando on social media platforms like Facebook, Instagram, and Pinterest.","['social media profiles', 'likes', 'dislikes', 'preferences']"
"The mobile app allows you to stream web videos, online movies, livestreams, and live TV shows directly to your Amazon Fire TV, supporting various video formats and offering premium features such as remote playbar control, ad-blocker, bookmarks, and desktop mode.","The user checks the FAQ or reports issues to info@video-tv-cast.com if a specific web-video, online-movie, livestream, or live-tv show does not cast.","['email address', 'specific web-video', 'online-movie', 'livestream', 'live-tv show']"
"The mobile app connects your smartphone to a shopping console, partner card, and wallet for contactless shopping in various stores.","Partner card App allows contactless shopping in Selver, Delice, Kaubamaja, I.L.U., and L'Occitane shops.",{'Personal data': []}
"The mobile app from eMAG.bg offers easy access to a wide range of products for spontaneous and convenient shopping, with quick delivery, extended warranty options, online payment, and a user-friendly account interface for tracking orders and invoices.","The user can view their order history, invoices, warranties, favorite products list, and billing information in their eMAG account.","['order history', 'invoices', 'warranties', 'favorite products list', 'billing information']"
"The mobile app MX Player Pro offers an ad-free video playback experience with advanced features like 8K/4K Ultra HD support, gesture controls, multitasking capabilities, customization options, superior subtitle support, an HD music player, night mode, equalizer/bass booster, video cutter, MP3 converter, local network access, and video downloader.","The user controls various functions like volume, brightness, video seeking, and playback speed adjustment using gestures.","['gestures', 'volume preferences', 'brightness preferences', 'video seeking preferences', 'playback speed preferences']"
"The mobile app allows users to easily record and monitor their blood pressure and blood sugar data, offering insights into trends and history while also providing educational information on blood pressure-related topics.",The user views trends and history of their blood pressure data.,{'Personal data': ['blood pressure data']}
"The mobile app enables easy and secure sign-ins for all online accounts using multi-factor authentication, passwordless login, and password autofill, supporting Microsoft as well as non-Microsoft accounts, and offering additional account management options for personal, work, or school accounts.",The user autofills passwords using the Microsoft Authenticator app.,{'Personal data': ['passwords']}
"The mobile app allows users in Italy to find the nearest Burger King restaurant, place orders, customize products, access exclusive offers and events, participate in a loyalty program to earn rewards, and enjoy a convenient and fast dining experience.",The user downloads the updated version of the Burger King Italia app.,['app downloads']
"The mobile app offers an official uTorrent® Pro version for Android with ad-free torrent downloads, battery saving features, and the ability to manage and play media on the go.",The user plays multiple music files from a torrent as a playlist.,"{'Personal data': ['music preferences', 'listening habits', 'device information']}"
"The mobile app offers digital planning, note-taking, and PDF editing capabilities with features such as smooth handwriting, customizable pens, digital planners, PDF import, hyperlink creation, stickers functionality, document organization, and Google Drive syncing.",The user imports custom fonts.,['font styles']
"The mobile app allows travelers to easily plan and book tickets for buses, trains, flights, and ferries in Europe and beyond, offering a comprehensive travel booking platform with a trip planner feature, exclusive offers, and trusted transport companies, as well as 24/7 customer support and secure payment options, catering to over 27 million monthly users.","The journey planner helps customers find the best bus, train, or flight ticket for their journey.","['starting location', 'destination', 'travel date', 'preferred mode of transportation', 'number of travelers']"
"The mobile app offers exclusive daily deals on top fashion brands with discounts up to -75%, providing registered members with limited offers and benefits such as fast delivery, buy now pay later option, and a 31-day free return policy in select European countries.",The user shops from new deals every day before the countdown runs out.,"['shopping preferences', 'location', 'purchase history', 'billing information']"
"The mobile app helps photographers unlock their creative potential by providing tools and information to plan and capture stunning photos of Sun, Moon, Milky Way, and more, with features like 2D map-centric planner, augmented reality views, calculators, widgets, and the opportunity to win cash prizes for submitted photos.",The user goes out to capture unique moments in the great outdoors.,"['location data', 'photos', 'activity preferences', 'outdoor interests']"
"The mobile app allows users to create and save multi-track music projects on their Phone, Tablet, or Chromebook, featuring audio recording, sample browsing, effects modules, synthesizers, drum kits, MIDI controller support, mixer functions, and various included content for music production.",The app requires Location permission for Bluetooth Low Energy connectivity.,['location data']
"The mobile app offers a personalized feed of short videos in various categories, allowing users to engage with content, create their own videos with effects and music, and be entertained by a global community of creators.",The user engages with videos they like on TikTok.,"{'Personal data': ['liked videos', 'engagement history', 'preferences', 'device information']}"
"The mobile app helps manage diabetes by adjusting insulin doses based on carb intake through targeting, estimating, and knowing the carb content of various foods.",The app helps the user target carbohydrate-rich foods.,"['dietary preferences', 'health goals', 'food interests', 'activity level']"
The mobile app is a gamified tool designed to help sailors of all levels learn about buoys and includes detailed information on various types of buoys for maritime education.,"The app contains an index with detailed information on buoys including appearance, light, and chart abbreviations.",{'personal_data': []}
"The mobile app helps Intratuin Extra members receive special benefits and offers assistance in caring for their indoor and outdoor plants, providing plant care tips, reminders, and access to exclusive discounts and inspiration content.","The app notifies the user when action is required, such as watering plants and providing plant food.","['plant types', 'plant care schedule', 'location of plants']"
"The mobile app is a comprehensive office suite that includes word processing, PDF viewing and editing, spreadsheet capabilities, AI features like content generation and rewriting, as well as cloud storage options and collaborative tools for seamless document management on Android devices.","The user utilizes 1G free cloud storage, supports online editing and sharing of files, and builds/joins cloud teams.","{'personal_data': ['files', 'cloud storage usage', 'online editing activities', 'cloud team memberships']}"
"The mobile app offers endless inspiration with billions of Pins to explore, allowing users to save, organize, and share ideas, shop for products, watch DIY tutorials, find home decor inspiration, discover tattoo ideas, connect with a worldwide creative community, and use Pinterest for business purposes.","The user saves, organizes, and shares their favorite Pins for easy access.","['saved Pins', 'organized Pins', 'shared Pins', 'interests']"
"The mobile app is a powerful sheet music viewer for Android tablets that allows musicians to access, organize, and annotate their sheet music files with features such as multiple viewing modes, hands-free page turns, audio player integration, metronome, annotations, and more.",The user manages their sheet music library with various metadata fields for organization.,"['sheet music', 'metadata fields', 'music preferences', 'organization preferences']"
"The mobile app serves as an all-in-one health and fitness companion, offering features such as activity tracking for over 100 sports, route mapping for running, sharing workout journeys with friends and family, and detailed health statistics displayed in dynamic graphs.",The user keeps track of their health journey by using the Huawei Health app.,"['health data', 'fitness activities', 'medical conditions', 'sleep patterns']"
"The mobile app offers a comprehensive suite of graphic design tools including a photo editor, video editor, logo maker, and customizable templates for creating social media posts, flyers, and more.","The user uses the photo editor, logo maker, collage maker, and video editor for brand visuals and mood boards.","['photos', 'logos', 'collages', 'videos', 'brand visuals', 'mood boards']"
"The mobile app allows users to connect with communities, teammates, family, and friends through features like communities, events, chats, channels, meetings, storage, tasks, and calendars all in one place, enabling collaboration, sharing of ideas, making plans, and managing access to information securely.",The user sends photos and videos in chats to quickly and easily share important moments and uses cloud storage to access shared documents and files on the go.,"['photos', 'videos', 'chats', 'cloud storage', 'shared documents', 'shared files']"
"The mobile app is a customizable watch face designed for Wear OS devices with API Level 30+, featuring high resolution, optimization, low battery consumption, multilingual support, and a variety of customizable elements such as colors, bezels, frames, and complications, with additional features including animated highlights, customizable AOD mode, and various social media channels for news and promotions.",The user can customize colors on the watch face.,['color preferences']
"The mobile app is a feature-rich GPS locator and offline maps tool that allows users to view, analyze, record, and navigate trips and outdoor activities with support for various file formats, detailed trip stats, online maps, simple navigation tools, offline maps, track editing, recording, weather forecasts, and customizable settings.",The user splits a track or route into two or merges two tracks or routes into one.,"['location data', 'activity history']"
"The mobile app is an interactive digital watch face for Wear OS that features customizable data fields, interactive character animations based on step count, weather information, and various customization options.",The user installs the Platinum Digital Watch Face app on their Wear OS device.,"['Wear OS device information', 'app installation data']"
"The mobile app helps parents track and understand their baby's mental development through 10 leaps, offering personalized schedules, insights, milestones, and optional extras like a baby monitor and e-books.",The user tracks their baby's mental development from 0-20 months.,"[""baby's age"", 'developmental milestones', ""parent's interaction with baby""]"
"The mobile app is a GPS camera that overlays and stamps photos with location, direction, altitude, date, and time taken, catering to various industries and professionals globally, with additional features available through an Industry Pack in-app purchase.",The user adds street address to overlay or uses UTM/MGRS coordinate formats instead of Lat/Long.,"['street address', 'UTM/MGRS coordinate formats', 'Lat/Long coordinates']"
"The mobile app is a versatile QR and Barcode Scanner that offers fast, easy scanning, QR code generation, and additional features like scanning WiFi QR codes, all for free on Android devices.",The user imports .csv files for scanning QR codes.,"['.csv files', 'QR codes']"
"The mobile app allows users to explore billions of Pins from around the world, save, organize, and share ideas, shop for products, access daily DIY tutorials, find home decor inspiration, discover tattoo ideas, connect with a worldwide creative community, and offers business features for brands to engage with customers.",The user searches for people or businesses that inspire them and collaborates with others on Pinterest to grow their creative network.,"['search queries', 'collaborations', 'creative interests']"
"The mobile app helps users enjoy shopping at Tuš stores by providing store information, discounts, a virtual membership card, exclusive offers, and easy management of the Tuš Club loyalty program.",The user utilizes the virtual card feature on the app for membership identification and to access Tuš Club benefits.,"['membership ID', 'Tuš Club benefits', 'virtual card usage']"
"The mobile app allows users to find and book hotels, flights, rental cars, and more, offering free cancellation, 24/7 customer service, mobile-only discounts, paperless confirmation, and the ability to manage bookings on the go, all while accessing millions of accommodations, filtering options, and exclusive deals, making it a convenient and flexible tool for planning and enjoying trips.",The user enjoys mobile-only discounts.,"{'Personal data': ['location', 'device type', 'purchase history']}"
The mobile app allows fans with tickets to securely manage and transfer them on their mobile devices.,Fans assign a guest a ticket using the app.,"[""guest's name"", 'event details', 'ticket assignment']"
"The mobile app NFC Tools - Pro Edition unlocks all features of NFC Tools, allowing users to read, write, and program tasks on NFC tags and compatible chips with additional features such as profile management, task execution without tags, and conditional actions.",The user saves profiles (records and tasks) using the profile management system.,"['profiles', 'records', 'tasks']"
"The mobile app offers text translation between 108 languages, tap to translate in any app, offline translation for 59 languages, instant camera translation for 94 languages, photo translation for 90 languages, bilingual conversation translation for 70 languages, handwriting input for 96 languages, phrasebook for saving translations, and cross-device syncing.",The user continuously translates someone speaking a different language in near real-time in 8 languages.,"['spoken language', 'translated language', 'audio input', 'translated text']"
"The mobile app allows users to automate various tasks on their Android devices, such as changing settings, sending SMS, creating notifications, and more, without requiring root access for most functions.",The user creates custom actions to customize their phone settings and perform tasks.,"['phone settings', 'task preferences', 'custom actions']"
"The mobile app helps learners in the UK pass their driving theory test with a pass guarantee, offering comprehensive revision materials, mock tests, personalized learner plans, and practical driving lessons for a one-time access fee.",The user accesses over 160 virtual practical driving lesson videos.,"['driving experience level', 'learning progress', 'preferred driving techniques']"
"The mobile app allows users to explore billions of Pins from around the world, save, organize, and share ideas, shop for products, access daily DIY tutorials, find home decor inspiration, discover tattoo ideas, connect with a worldwide creative community, and offers business features for brands to engage with customers.","The user shops for various items like house plants, fashion pieces, and kitchenware directly from their feed.","['shopping preferences', 'interest in house plants', 'fashion style', 'kitchenware preferences']"
"The mobile app allows users to create and save multi-track music projects on their Phone, Tablet, or Chromebook, featuring audio recording, sample browsing, effects modules, synthesizers, drum kits, MIDI controller support, mixer functions, and various included content for music production.",The user can install their own samples without needing to buy additional content.,"['user-generated samples', 'purchased content']"
"The mobile app offers a convenient shopping experience for a wide range of fashion items, including clothing, shoes, accessories, and sportswear, with a focus on sustainability, personal style inspiration, and up-to-date trends from fashion experts and brands in Europe.","The user stays up to date with sales, discounts, promotions, and discount codes.","['purchase history', 'shopping preferences', 'email address']"
"The mobile app offers a personalized fashion experience with a wide range of brands, exclusive collections, and content, allowing users to shop anytime, anywhere, receive vouchers and offers, stay updated on trends, and create wishlists across all devices.",The user orders at ABOUT YOU and receives high-quality fashion in just a few working days at their doorstep.,"['order details', 'delivery address', 'payment information', 'preferred fashion styles']"
"The mobile app aims to simplify finance by offering transactional banking, physical and virtual cards, instant payments, access to investments, competitive exchange rates for spending abroad, 24/7 customer service, real-time notifications, easy signup, low fees, and community involvement.",The user saves money on exchange rates when spending abroad.,"['location', 'currency preferences', 'transaction history']"
"The mobile app is a comprehensive tool to track blood pressure trends, provide lifestyle tips, and offer information on blood pressure ranges, helping users monitor their health effectively.",The user exports their blood pressure trends for medical appointments.,"['blood pressure trends', 'medical appointments']"
"The mobile app serves as a comprehensive travel companion for booking and managing regional and long-distance transportation, offering digital tickets, real-time information, best price search, and a user-friendly interface.","The user books long-distance and local transport for themselves, their bike, or their dog.","['transport booking details', 'location data', 'travel companions', 'pet information']"
"The mobile app is a painting simulator for gaming and tabletop miniatures, offering photorealistic results with a four-step painting process, built-in miniatures and colour palettes, complement recommendation mode, shopping list generator, colour mixer and creator tools, and a randomiser feature.",The user paints the selected miniature image using colors they own or wish to purchase.,"['miniature image', 'colors owned', 'colors wished to purchase']"
"The mobile app allows users in Italy to find the nearest Burger King restaurant, place orders, customize products, access exclusive offers and events, participate in a loyalty program to earn rewards, and enjoy a convenient and fast dining experience.",The user explores the products available in the app to obtain and enjoy.,"['product preferences', 'purchase history', 'payment information']"
"The mobile app offers app-only benefits to enhance the shopping experience on Amazon, providing features such as real-time tracking, 360° product views, price drop alerts, live chat support, and convenient search options like scanning items or barcodes.",The user views products from every angle with the 360° product view feature.,"['viewed products', 'product preferences', 'shopping habits', 'device used']"
"The mobile app offers a game where players can navigate obstacles by bouncing money, earn credits to unlock new games, and view current exchange rate equivalents of the earned credits, all for entertainment purposes only.",The app declares that credits earned can only be used in-game.,"['earned credits', 'in-game use only']"
"The mobile app inCarDoc Pro is a comprehensive car diagnostics tool that reads real-time and stored diagnostics parameters from ECU of OBD-II compliant cars, offering features such as fault codes scanning, fuel economy tracking, and GPS parameters recording.",The app records and displays multiple parameters in real time.,"['location data', 'health data', 'activity data', 'device information']"
"The mobile app offers a wide range of features including AI photo editing, face filters, photo effects, photo frames, neural photo art styles, realistic effects, face photo montages, background editing, filters, and collage creation to enhance and add originality to your photos.","The user makes their image look creative in seconds without using a professional picture editor and sets it as a profile pic, shares it to any social network, or sends a signed virtual postcard to friends.","['images', 'profile picture setting', 'social network sharing', 'virtual postcard sending']"
"The mobile app provides support for CHROMECAST, XTREAM-CODES API, automatic live stream reconnection, EPG XMLTV format, parental control, multiple themes, built-in player for various formats, and dynamic language switching among 31 languages, catering to advanced IPTV solutions for live and non-live TV/stream.",The app supports multiple themes.,['theme preferences']
"The mobile app offers a game where players can navigate obstacles by bouncing money, earn credits to unlock new games, and view current exchange rate equivalents of the earned credits, all for entertainment purposes only.",The user sees the current exchange rate equivalents of the loan earned.,"['loan amount', 'currency type', 'exchange rates']"
"The mobile app enables easy and secure sign-ins for all online accounts using multi-factor authentication, passwordless login, and password autofill, supporting Microsoft as well as non-Microsoft accounts, and offering additional account management options for personal, work, or school accounts.",The user logs in to their Microsoft account using their phone for passwordless authentication.,"['phone number', 'Microsoft account', 'authentication method']"
"The mobile app provides a platform for creating invite-only spaces with topic-based channels for text, voice, and video chat, allowing users to stay connected with friends and communities through various interactive features like screen sharing, custom emojis, and low-latency chat capabilities.",The user moderates and organizes meetings for their community or friends.,"['meeting schedules', 'attendees list', 'agenda topics', 'meeting notes']"
"The mobile app offers app-only benefits to enhance the shopping experience on Amazon, providing features such as real-time tracking, 360° product views, price drop alerts, live chat support, and convenient search options like scanning items or barcodes.","The user accesses live chat support 24 hours a day, 7 days a week.","{'Personal data': ['name', 'contact information', 'conversation history']}"
"The mobile app creates invite-only spaces with topic-based channels for text, voice, and video chat, allowing users to stay connected with friends and communities through various interactive features like image sharing, video streaming, and custom emojis.",The user talks with friends while gaming and shares images easily.,"['conversation history', 'gaming activity', 'shared images']"
"The mobile app allows users to take notes, annotate and edit PDFs with features such as digital planning, customizable handwriting, importing PDF files, creating hyperlinks, managing documents, and syncing between Android devices.",The user creates hyperlinks in documents.,"['documents', 'hyperlinks']"
"The mobile app offers a wide selection of cosmetics and perfumes from over 1,500 global brands, with tailored offers, authentic reviews, and smart tools to assist in product selection, along with exclusive app-only discounts, wishlist feature, customer reviews, Virtual Try On option, fast and secure shopping experience, and access to a professional blog and live streams for continual inspiration.","The user tries on different shades of lipstick, foundation, or eyeshadow using the Virtual Try On feature.","['photos', 'facial features', 'makeup preferences']"
"The mobile app serves as a digital administration assistant, allowing users to receive, manage, and securely store important documents from various companies, as well as enabling easy payment, signing, and sharing of documents, all while offering free services and convenience.",The user receives notifications every time a new document is available.,"['notifications', 'new documents']"
"The mobile app offers a convenient shopping experience with a wide selection of fashion items, including clothing, shoes, accessories, and sportswear, along with features for staying up-to-date on trends and sales, and the option for free returns.","The user stays up to date with sales, discounts, promotions, and discount codes.","{'Personal data': ['purchase history', 'shopping preferences', 'location', 'email address']}"
"The mobile app unlocks all the possibilities of NFC Tools, allowing users to read, write, and program tasks on NFC tags and other compatible chips with additional features such as profile management, import from existing tags, and conditional blocks for complex actions.",The user imports existing NFC tags to edit records or tasks quickly.,"{'Personal data': ['NFC tags', 'records', 'tasks']}"
"The mobile app is a lightweight smart contact manager that allows you to store and sync contacts, manage emails and events, customize fields, backup contacts automatically, create contact groups, and more, all with privacy and security in mind.",The user customizes the behavior of clicking on a contact.,"['contact details', 'interaction preferences']"
"The mobile app allows users to easily book beauty, health, and fitness treatments with over 14,000 specialists across Sweden, providing options to filter by popularity, distance, and more, manage and pay for bookings, and access verified customer reviews.",The user saves favorite places for future bookings.,"['favorite places', 'booking preferences']"
"The mobile app offers a wide range of features including AI photo editing, face filters, photo effects, photo frames, neural photo art styles, realistic effects, face photo montages, background editing, filters, and collage creation to enhance and add originality to your photos.",The user uses the advanced picture editor to easily and quickly erase and change backgrounds of their selfie with creative background templates.,"['selfies', 'backgrounds', 'creative templates']"
"The mobile app provides real-time car performance and diagnostics data through an OBD II Bluetooth adapter, allowing users to track engine information, sensor data, fault codes, and customize their dashboard with various widgets and gauges.",The app uses GPS to provide tracker logs with OBD engine logging for the user to review their activities.,"['location data', 'vehicle information', 'activity logs']"
"The mobile app allows users to easily book beauty, health, and fitness treatments with over 14,000 specialists across Sweden, providing options to filter by popularity, distance, and more, manage and pay for bookings, and access verified customer reviews.",The user manages and pays for bookings within the app.,"['booking details', 'payment information', 'contact information']"
"The mobile app offers a comprehensive 4 in 1 solution for UK learners preparing for their Driving Theory Test, with a pass guarantee, lifetime access for £4.99, and exclusive content including DVSA revision questions, mock tests, video clips, personalized learner plans, hazard perception clips, Highway Code revision, road signs practice, practical driving lessons, and a range of awards and accolades.",The user revises the latest UK Highway Code and takes an interactive quiz on the A-Z topics.,"['UK Highway Code', 'interactive quiz results']"
"The mobile app offers access to millions of songs, albums, podcasts, and audiobooks for free, with the option to subscribe to Spotify Premium for ad-free listening, offline downloads, and other premium features.","The user listens to music and podcasts on various devices like mobile, tablet, desktop, etc.","['music preferences', 'podcast preferences', 'listening history', 'device information']"
"The mobile app offers a wide range of high-quality car parts and tires from trusted brands, with detailed product descriptions, compatibility checks, customer reviews, professional customer service, promotions, and discounts, as well as video tutorials for car repairs, available 24/7 for various makes and models of cars.",The user adds the chosen spare parts to their basket.,"['spare parts', 'chosen items']"
"The mobile app helps users enjoy shopping at Tuš stores by providing store information, discounts, a virtual membership card, exclusive offers, and easy management of the Tuš Club loyalty program.",The user joins the Tuš customer loyalty club via the Tuš mobile application to access member benefits.,"['name', 'email address', 'phone number', 'date of birth', 'location', 'shopping preferences']"
"The mobile app allows users to chat with ChatGPT technology securely and conveniently without the need for an account or password, providing comprehensive answers and suggestions on various topics for knowledge and leisure.",The user downloads the ChatBot mobile app to their phone.,"['device information', 'phone number', 'app usage data']"
"The mobile app offers a game where players can navigate obstacles by bouncing money, earn credits to unlock new games, and view current exchange rate equivalents of the earned credits, all for entertainment purposes only.",The user buys new games with the credits earned.,"['credits earned', 'games purchased']"
"The mobile app allows users in Italy to find the nearest Burger King restaurant, place orders, customize products, access exclusive offers and events, participate in a loyalty program to earn rewards, and enjoy a convenient and fast dining experience.","The user discovers exclusive offers, events, and previews through the app.","['location', 'purchase history', 'interests', 'age']"
"The mobile app offers access to millions of songs, albums, podcasts, and audiobooks for free, with the option to subscribe to Spotify Premium for ad-free listening, offline downloads, and other premium features.","The user explores top songs from different genres, countries, or decades.","['music preferences', 'favorite genres', 'favorite countries', 'favorite decades']"
"The mobile app offers a personalized fashion experience with a wide range of brands, exclusive collections, and content, allowing users to shop anytime, anywhere, receive vouchers and offers, stay updated on trends, and create wishlists across all devices.","The user finds all the brand new trends, offers, and stars that interest them.","['interests', 'trends', 'offers', 'celebrities']"
"The mobile app allows users to explore and shop the latest fashion trends for women, men, and kids from over 1000 brands, offering easy shopping with detailed product descriptions, size guides, synced cart and favorites across devices, quick payments, fast deliveries, and the ability to create fashion-forward outfits and shop for home decor items.",The user makes secure payments and completes orders directly from the app.,"['payment information', 'order history', 'shopping preferences']"
"The mobile app offers OpenAI's latest advancements for instant answers, tailored advice, creative inspiration, professional input, and learning opportunities, with a free sync feature across devices.",The app provides creative inspiration to the user.,"['interests', 'hobbies', 'artistic preferences']"
"The mobile app offers a wide range of AI-powered photo editing tools, including face filters, neural photo art styles, realistic photo effects, face photo montages, photo background editor, photo filters, and photo collages, allowing users to enhance their photos with creativity and originality.",The user enhances photos and adds originality with face filters and effects using the app.,"['photos', 'face', 'filters', 'effects']"
"The mobile app allows users to take notes, annotate and edit PDFs with features such as digital planning, customizable handwriting, importing PDF files, creating hyperlinks, managing documents, and syncing between Android devices.",The user manages documents by creating folders and subfolders.,"['documents', 'folder structure']"
"The mobile app offers all VTM channels in one convenient, free app for live or on-demand viewing, with the ability to watch up to 30 days back and access a kids' section.",The user accesses a separate kid's world within VTM GO.,"['age', 'parental consent status', 'viewing preferences', ""interactions within the kid's world""]"
"The mobile app is a festive Wear OS watchface that features a customizable Christmas countdown, enchanting holiday-themed backgrounds, daily statistics, and personalization options to keep you in the holiday spirit with practical functionality.","The user sees key statistics such as heart rate, steps taken, and battery life displayed on the watchface.","['heart rate', 'steps taken', 'battery life']"
"The mobile app is a powerful all-in-one video editor and maker with professional features, allowing users to easily create vlogs, edit photos, add music and text, apply filters and effects, and share their content on various social media platforms.",The user adds stickers and memes to photos.,"['photos', 'stickers', 'memes']"
"The mobile app, currently in beta version with upcoming updates, provides comprehensive information on over 14,000 camping sites and 11,500 pitches in Germany and Europe, offering features such as availability and real-time pricing, ADAC Campcard discounts, and detailed reviews for campers to plan their next camping trip efficiently.",The user marks camping sites as favorites and adds personal notes.,"['camping sites', 'favorites', 'personal notes']"
"The mobile app helps photographers unlock their creative potential by providing tools and information to plan and capture stunning photos of Sun, Moon, Milky Way, and more, with features like 2D map-centric planner, augmented reality views, calculators, widgets, and the opportunity to win cash prizes for submitted photos.",The user creates a To-Do list of planned photos to never miss a scene.,"['photos', 'locations', 'time schedules']"
"The mobile app is designed for old school photographers or advanced amateurs shooting analog photography, offering features such as reflected and incident light metering, ISO range from 3 to 6400, low light alert, and more.",The app allows holding incident light readings.,"['location data', 'time of day', 'light intensity', 'device information']"
"The mobile app offers a personalized feed of short-form videos across various categories, provides tools for creating original content with special effects and music, and connects users to a global community of creators for entertainment and inspiration.",The user watches short-form videos on TikTok.,"['watched videos', 'liked videos', 'interaction history']"
"The mobile app serves as a comprehensive travel companion for booking and managing regional and long-distance transportation, offering digital tickets, real-time information, best price search, and a user-friendly interface.",The user finds the lowest prices using the Best Price Search feature.,"['search queries', 'product preferences', 'location data']"
"The mobile app is a tool for recording blood pressure and blood sugar data, allowing users to track trends and history, as well as providing health information without measuring blood pressure or blood sugar levels.",The user records their blood sugar data in the app.,['blood sugar data']
"The mobile app provides core anatomy reference content with interactive 3D models of the human body, including organs, muscles, bones, and more, along with additional in-app purchases for physiology content and study tools.",The user takes 3D dissection quizzes and checks their progress.,"['anatomy knowledge', 'quiz results', 'learning progress']"
"The mobile app offers a convenient shopping experience with a wide selection of fashion items, including clothing, shoes, accessories, and sportswear, along with features for staying up-to-date on trends and sales, and the option for free returns.",The user follows brands to see new items and collections.,"['brand preferences', 'shopping interests', 'purchase history']"
"The mobile app inCarDoc Pro is a comprehensive car diagnostics tool that reads real-time and stored diagnostics parameters from ECU of OBD-II compliant cars, offering features such as fault codes scanning, fuel economy tracking, and GPS parameters recording.",The user reads Check Engine codes and diagnostics parameters from their car's ECU using the app.,"['vehicle information', 'engine diagnostics data']"
"The mobile app provides core anatomy reference content with interactive 3D models of the human body, including organs, muscles, bones, and more, along with additional in-app purchases for physiology content and study tools.",The user makes interactive 3D presentations linking sets of models to explain and review a topic.,"['3D presentations', 'models', 'topic of explanation', 'reviewed topic']"
"The mobile app connects your smartphone to a shopping console, partner card, and wallet for contactless shopping in various stores.","The smartphone is connected to shopping console, Partner card, and wallet.","['shopping history', 'payment information', 'loyalty card details']"
"The mobile app helps photographers unlock their creative potential by providing tools and information to plan and capture stunning photos of Sun, Moon, Milky Way, and more, with features like 2D map-centric planner, augmented reality views, calculators, widgets, and the opportunity to win cash prizes for submitted photos.",The user reads How-To articles and watches videos for assistance when needed.,"['How-To articles', 'videos']"
"The mobile app offers a personalized feed of short videos across various categories, providing tools for users to create and customize their own content with special effects, filters, music, and more.",The user discovers new videos based on their preferences on TikTok.,"['video preferences', 'watch history', 'interaction history', 'user profile']"
"The mobile app offers a versatile note-taking experience with fluid handwriting, PDF annotation, audio recording, handwriting recognition, Evernote integration, dark mode, and a variety of features to enhance organization and productivity.",The user accesses 100s of beautifully crafted paper templates and notebook covers through the Noteshelf Club.,"['paper templates', 'notebook covers', 'preferences']"
"The mobile app is a pocket-sized sampler that allows users to record sounds, create beats, add effects, and easily generate tracks with intuitive interface and a variety of features, including resampling, exporting tracks as WAV files, AI sample separation, MIDI control, built-in microphone and DJ effects, and additional features available through in-app purchase.",The user plays chromatically or in one of 9 scales in keyboard mode.,"['musical preferences', 'keyboard mode choice']"
"The mobile app allows users to stream web-videos, online movies, livestreams, and live TV shows directly on LG Smart TVs without the need for an additional streaming box, with features such as multitasking, Full HD casting, and support for various video formats.","The user browses through the web and streams any web-video, online-movie, livestream, or live-tv show on their LG Smart TV.","['browsing history', 'video preferences', 'device information']"
"The mobile app creates invite-only spaces with topic-based channels for text, voice, and video chat, allowing users to stay connected with friends and communities through various interactive features like image sharing, video streaming, and custom emojis.",The user utilizes custom moderation tools and permission levels to manage their community or group effectively.,"['moderation tools', 'permission levels', 'community/group management preferences']"
"The mobile app offers access to millions of songs, albums, podcasts, and audiobooks for free, with the option to subscribe to Spotify Premium for ad-free listening, offline downloads, and other premium features.","The user searches, discovers, and plays music, podcasts, and audiobooks from all over the world.","['music preferences', 'podcasts interests', 'audiobook interests', 'search history']"
"The mobile app AZ Recovery is a free, user-friendly tool that helps you quickly recover deleted photos, videos, and various file types, with features like fast and deep scanning, memory card support, file previews, and secure file deletion.","The user selects the type of file they want to recover, such as photos, videos, audio, documents, compressed files, or APK files.",['file types selected']
"The mobile app allows users to create, edit, and mix multi-track music projects on their Phone, Tablet, or Chromebook, featuring audio recording, a variety of effects and instruments, MIDI controller support, and the ability to share songs via Wi-Fi or Cloud.",The user shares songs via Wi-Fi or Cloud to other Mobile 3 installations.,"['songs', 'Wi-Fi data', 'Cloud data']"
"The mobile app offers a comprehensive suite of graphic design tools including a photo editor, video editor, logo maker, and customizable templates for creating social media posts, flyers, and more.",The user adds text to their photo in the photo editor.,"['photos', 'text added', 'photo editor usage']"
"The mobile app allows users to explore a virtual school environment, featuring five locations, 34 characters, and various activities such as teaching classes, engaging in food fights, and playing in the youth club.",The user mixes colorful liquids in the chem lab.,"['chemicals used', 'experiment results']"
"The mobile app aims to simplify finance by offering transactional banking, physical and virtual cards, instant payments, access to investments, competitive exchange rates for spending abroad, 24/7 customer service, real-time notifications, easy signup, low fees, and community involvement.",The app invites users to join the community to shape the financial platform.,"{'Personal data': ['financial information', 'demographic information', 'community activities', 'interests']}"
"The mobile app, currently in beta version with upcoming updates, provides comprehensive information on over 14,000 camping sites and 11,500 pitches in Germany and Europe, offering features such as availability and real-time pricing, ADAC Campcard discounts, and detailed reviews for campers to plan their next camping trip efficiently.",The app is available only in German language.,['preferred language: German']
"The mobile app allows you to discover ideas, connect with people and communities, shop on Marketplace, watch reels for inspiration, personalize your feed, and share your world creatively.",The user shares things that matter to them with easy in-app access to Messenger chats.,"['shared items', 'Messenger chats']"
"The mobile app allows users to create, edit, and mix multi-track music projects on their Phone, Tablet, or Chromebook, featuring audio recording, a variety of effects and instruments, MIDI controller support, and the ability to share songs via Wi-Fi or Cloud.","The user saves and loads WAV, MP3, AAC, FLAC, MIDI files.","['audio files', 'music preferences', 'file storage']"
"The mobile app is an interactive digital watch face for Wear OS that features customizable data fields, interactive character animations based on step count, weather information, and various customization options.",The user purchases the watch face to receive a free coupon code for another watch face.,"['purchase history', 'watch faces preferences', 'coupon code preferences']"
"The mobile app offers brokerage services and day trading options for investing in stocks, shares, Forex, and other trading options with a variety of features and educational resources available in multiple languages, but involves high risks as stated in the risk disclosure.",The app offers trading and investing options in various financial instruments.,"['financial transaction history', 'investment preferences', 'income level', 'risk tolerance']"
"The mobile app allows users to stream webvideos, online movies, livestreams, and live TV shows directly to their Amazon Fire TV or Fire TV Stick, with support for various video formats and features like remote playbar, ad-blocker, and bookmarks.",The Pro app version has no ads and the Ad-Blocker feature blocks ads & popups on most websites that the user visits. The user can enable/disable it at any time in the settings.,"{'Personal data': ['app version', 'ads preferences', 'websites visited']}"
"The mobile app allows users to view native eDrawings and SolidWorks files on Android devices, facilitating easy collaboration and communication in product development with features such as multi-touch gestures, drawing sheets, exploded views, and in-app purchase options for enhanced capabilities like measuring, cross-section viewing, markups, and sharing.",The user upgrades to eDrawings Pro using in-app purchase to unlock additional capabilities.,"['purchase history', 'payment information']"
"The mobile app allows users to easily record and monitor their blood pressure and blood sugar data, offering insights into trends and history while also providing educational information on blood pressure-related topics.",The user records their blood sugar data in the app.,"['blood sugar levels', 'health condition', 'dietary habits']"
"The mobile app allows users to access exclusive offers, earn rewards through a loyalty program, view weekly flyers, manage digital receipts, and benefit from environmental sustainability by avoiding paper receipts at Netto France stores.",The user views and manages their digital receipts from purchases.,"['purchase history', 'payment methods', 'shipping addresses']"
"The mobile app is a versatile QR and Barcode Scanner that offers fast, easy scanning, QR code generation, and additional features like scanning WiFi QR codes, all for free on Android devices.",The user generates their own QR codes with the app.,['generated QR codes']
"The mobile app is a tool for installing and customizing festive-themed watch faces on compatible Wear OS devices, with features such as digital time, date, battery level, steps count, and customizable complications and shortcuts.",The user may write to support@recreative-watch.com for further assistance.,['email address']
"The mobile app allows users to stream webvideos, online movies, livestreams, and live TV shows directly to their Amazon Fire TV or Fire TV Stick, with support for various video formats and features like remote playbar, ad-blocker, and bookmarks.","The user upgrades their Fire TV to watch webvideos, online movies, livestreams, and live-tv shows directly on the biggest screen.","['device information', 'watching preferences', 'content preferences']"
"The mobile app is a compact 4-track recorder with audio effects and import/export capabilities, designed as a tool for songwriters and creative musicians to capture ideas and demos on-the-go.",The user edits their tracks within the app.,"['music tracks', 'editing preferences', 'preferred genres']"
"The mobile app provides fast and secure access to essential items, such as payment options, tickets, and passes, with convenient features like quick access methods, smart suggestions, and seamless integration across Google services, all while prioritizing safety and privacy with advanced security measures in place.",The user makes boarding flights easier with information from Google Search through Google Wallet.,"['flight information', 'Google Search data', 'Google Wallet data']"
"The mobile app offers access to millions of songs, albums, podcasts, and audiobooks for free, with the option to subscribe to Spotify Premium for ad-free listening, offline downloads, and other premium features.",The user listens to daily music mixes made just for them.,"['music preferences', 'listening habits', 'mood preferences']"
"The mobile app is a lightweight smart contact manager that allows you to store and sync contacts, manage emails and events, customize fields, backup contacts automatically, create contact groups, and more, all with privacy and security in mind.","The user adds, edits, and deletes contacts in the app.","['contact names', 'phone numbers', 'email addresses', 'job titles', 'social media profiles']"
"The mobile app Smart Switch allows users to transfer various types of data, including contacts, music, photos, and more, from Android, iOS, and Windows devices to new Galaxy devices wirelessly or via wired connections, with detailed instructions provided for each type of transfer.","The user moves their contacts, music, photos, calendar, text messages, and device settings to a new Galaxy device using Smart Switch.","['contacts', 'music', 'photos', 'calendar', 'text messages', 'device settings']"
"The mobile app helps you remember your round of drinks and offers additional features like creating multiple bars, changing glass shapes, and showing prices in its PRO version.",The user creates multiple bars in the app.,"{'Personal data': ['user-created bars', 'drink preferences', 'location data']}"
"The mobile app offers a digital and modern snowflake watch face with a GYRO effect, customizable colors, app shortcuts, complications, and compatibility with all Wear OS devices API 30+, allowing users to personalize their watch face and stay updated with the latest releases through their social media channels.",The user follows the developer on social media to stay updated with the latest releases.,"['social media account', ""interest in developer's projects""]"
The mobile app is a gamified tool designed to help sailors of all levels learn about buoys and includes detailed information on various types of buoys for maritime education.,The app can be used in real-time while sailing to check a buoy.,"['location data', 'sailing route', 'buoy locations', 'weather conditions']"
"The mobile app offers digital planning, note-taking, and PDF editing capabilities with features such as smooth handwriting, customizable pens, digital planners, PDF import, hyperlink creation, stickers functionality, document organization, and Google Drive syncing.","The user takes notes, annotates, and edits PDFs digitally.","['notes', 'annotations', 'edited PDFs']"
"The mobile app, OruxMaps, is a versatile tool for outdoor activities allowing users to view both online and offline maps in various formats, access online maps for offline use, share positions with contacts, connect to external devices for data tracking, and utilize features like route navigation, geofence alarms, waypoint creation, and track editing.","The user can edit tracks using the track editor tool, modifying track points.","['track data', 'editing history', 'device location']"
"The mobile app helps photographers unlock their creative potential by providing tools and information to plan and capture stunning photos of Sun, Moon, Milky Way, and more, with features like 2D map-centric planner, augmented reality views, calculators, widgets, and the opportunity to win cash prizes for submitted photos.",The user saves locations of interest as Points of Interest in a personal database.,"['location data', 'name of the point of interest', 'notes about the location', 'categories/tags']"
"The mobile app offers a simple and secure way to send and request money, discover cashback offers, track orders, pay in 4 interest-free payments, access your PayPal balance with a debit card, and ensure secure transactions.","The user trusts PayPal for secure transactions, with encryption and fraud protection.","['financial information', 'name', 'contact information', 'transaction history']"
"The mobile app offers smart shopping features such as voice search, product scanning, sharing product links, and saving shopping ideas, with access to over 60,000 products, secure payment options, and the ability to find nearby shopping centers with their contact information and opening hours.",The user saves ideas for future shopping.,"{'Personal data': ['shopping preferences', 'wish list items', 'budget constraints']}"
"The mobile app helps users track their blood pressure, record daily logs, identify ranges, understand factors affecting blood pressure, and offers advice on maintaining healthy levels, with features including practical knowledge, fast data processing, and easy input of blood pressure information with just one touch.",The user understands factors affecting their blood pressure with the app.,"['blood pressure data', 'health conditions', 'age', 'weight', 'height', 'medical history']"
